termo,coeficiente
acabei,-0.25304435394729263
acabei caindo,-0.25304435394729263
acabou,0.18993422151811062
acabou me,0.18993422151811062
aceleradas,-0.022625052108240652
aceleradas aconteceram,0.20625591390788967
aceleradas vem,-0.2306304236081292
acelerado,-0.092209491514332
acelerado so,0.20812760475517836
acelerou,0.5800408127550559
acelerou ao,0.3622198509390326
acelerou minha,0.2709366796256966
achei,-0.10922523388128726
achei que,-0.10922523388128726
acompanha,-0.15395448872288603
acompanha uma,-0.15395448872288603
acompanhada,-0.15869793461172763
acompanhada de,-0.15869793461172763
aconteceram,0.20625591390788967
aconteceram com,0.20625591390788967
aconteceu,0.20533405176712796
aconteceu uma,0.20533405176712796
acordei,-0.7823637781636742
acordei buscando,-0.24116811954976178
acordei durante,-0.19366916139789633
acordei no,-0.26351140316770316
acordei sufocado,-0.23548105219699775
acordou,-0.12080568679674024
acordou com,-0.12080568679674024
adesivo,0.2660355387887216
adesivo estava,0.2660355387887216
afta,0.23585189206317608
afta pequena,0.23585189206317608
agachamentos,0.19857007230036028
agachamentos ja,0.19857007230036028
agora,-0.4855281533855811
agora alcanca,-0.2096963603019469
agora esta,0.21221998789933968
agora estou,0.05308783473731979
agora ha,-0.23673963064661957
agora nao,-0.18925124391044051
agora neg_dificuldade_respiratoria,0.18127463052859016
agora preciso,-0.19914714739314976
agora pressao,-0.10922523388128726
agua,0.439099255616476
agua resolveu,0.27690968302695546
ainda,-0.26739442932784413
ainda sinto,-0.26739442932784413
alcanca,-0.3740584008978708
alcanca ambos,-0.2096963603019469
alcanca queixo,-0.19328570035904935
alem,-0.21268664217716687
alem da,-0.21268664217716687
alguns,0.3122622686129519
alguns espirros,0.29860507584421847
alguns minutos,0.25086377879097627
alguns passos,-0.1935338723533824
almoco,0.13263862332794304
almoco porem,-0.18550425111666857
almoco que,0.1808852469932208
almoco solucei,0.1558083433088135
alto,0.23585668312315555
alto sem,0.23585668312315555
ambos,-0.2096963603019469
ambos os,-0.2096963603019469
andar,0.17830126022665355
andava,-0.26739442932784413
andava ainda,-0.26739442932784413
anotar,0.23577272674863908
anotar aula,0.23577272674863908
ansioso,-0.22883003928559062
ansioso mas,-0.22883003928559062
antiga,0.13549197618302844
antiga na,0.13549197618302844
ao,1.0268098410436888
ao andar,0.17830126022665355
ao beber,0.19614244583393184
ao chao,-0.3250428043201703
ao correr,0.2032379771143428
ao descansar,0.1993490618600855
ao normal,0.18699013056444697
ao parar,0.2709366796256966
ao subir,0.18699013056444697
ao tentar,-0.15865680638542548
ao tocar,0.2780538806178606
ao toque,0.1691974344332478
ao trocar,0.12862386000519627
apagar,-0.4324982825329414
apagar suor,-0.1586623039807182
apareceu,-0.2963705581491381
apareceu enquanto,-0.18457847243685765
apareceu junto,-0.1347086173745481
apenas,1.6387954581013533
apenas arranhou,0.21679290790043232
apenas com,0.23585189206317608
apenas durante,0.1689206577341526
apenas irritacao,0.14020829058584017
apenas irritou,0.18440013775041214
apenas nariz,0.309044636695476
apenas pele,0.16230679590260572
apenas pigarreei,0.15750512179805504
apenas pigarro,0.14855269125714413
apenas ressecamento,0.214592720518704
apenas uma,0.5134814496642135
aperta,-0.32232769172799397
aperta dor,-0.23209715139812281
aperta muito,-0.1839219744763936
aperta neg_dificuldade_respiratoria,0.21679290790043232
aperta respirar,-0.18550425111666857
apertado,-0.1795126683958822
apertado deixou,0.17830126022665355
apertado enquanto,-0.18925124391044051
apertado roupa,-0.19366916139789633
apertando,-0.3979392519449064
apertando estou,-0.21264873732882975
apertando faz,-0.2160607352608195
apertei,0.1746806758194727
apertei dedo,0.1746806758194727
aperto,-0.41805715908523944
aperto no,-0.2679445821680207
aperto persiste,-0.2096963603019469
aperto persistente,-0.20236556756855306
aperto toracico,0.18173936491092668
apos,1.4460759436053547
apos agachamentos,0.19857007230036028
apos anotar,0.23577272674863908
apos comer,0.18993422151811062
apos conversa,0.17838448662978498
apos dormir,0.23128865952897415
apos falar,0.23585668312315555
apos horas,0.16862242611776118
apos retirar,0.14656781765276256
apos sentir,-0.3074670950961361
apos treinar,0.21221998789933968
apos treino,0.14951557721421377
apos uma,0.3283520379921149
apos usar,0.27422982854185807
apresentacao,0.3949252110773308
apresentacao agua,0.27690968302695546
apresentacao longa,0.14855269125714413
ar,-1.3774498282849494
ar ate,-0.24976899792446497
ar comecei,-0.17627350913569367
ar consigo,0.24926809409299805
ar de,-0.20822584722870352
ar desorientado,-0.210146325819729
ar exige,-0.19827707959479984
ar inchaco,-0.1935338723533824
ar intensa,-0.4648841341009856
ar mas,0.23473023587316597
ar mesmo,-0.38317909485153995
ar muito,-0.29893701182134536
ar nao,-0.2537232497063426
ar nem,0.23074252998502515
ar parado,-0.22300287784344502
ar repentina,-0.18106906970235162
ar roupa,0.21378924744477587
ar so,0.1985167939513267
ar veio,-0.15865680638542548
area,0.1812875067324418
area de,0.1812875067324418
arranhada,0.17742366734159395
arranhada do,0.17742366734159395
arranhando,0.3121562416942853
arranhando neg_dificuldade_respiratoria,0.3121562416942853
arranhao,0.3621437945746322
arranhao pequeno,0.23473023587316597
arranhao superficial,0.1554159344654147
arranhou,0.21679290790043232
arranhou meu,0.21679290790043232
as,0.05802635003908212
as atividades,0.40949902913357494
as batidas,0.13386315533625628
as palpitacoes,-0.23425008484531898
as pontas,-0.2826016037134358
assim,-0.210146325819729
assim fiquei,-0.210146325819729
assunto,0.17056437275077063
assunto da,0.17056437275077063
ate,-0.04319130039642597
ate para,-0.24976899792446497
ate ponto,0.2032379771143428
atingiu,-0.19068352284719678
atingiu torax,-0.19068352284719678
atividades,0.40949902913357494
atividades sem,0.19189500290687664
atrapalhar,0.2369486443246133
atrapalhar rotina,0.2369486443246133
atravessar,-0.20385715486469388
atravessar quarto,-0.20385715486469388
aula,0.23577272674863908
aula inteira,0.23577272674863908
aumentando,-0.18457847243685765
aumentou,-0.1935338723533824
avaliada,0.34363255714949925
avaliada apos,0.14951557721421377
avaliada esta,0.22068799436155564
avo,0.20533405176712796
avo falar,0.20533405176712796
azia,-0.10922523388128726
azia mas,-0.10922523388128726
azuladas,-0.2826016037134358
azulados,-0.22540122778371371
azulados estou,-0.22540122778371371
banho,-0.3701191703460906
banho agora,-0.18925124391044051
banho surgiu,-0.2094869894728774
basta,-0.1935338723533824
basta dar,-0.1935338723533824
bastante,0.4759840568392184
bastante garganta,0.210203804610054
bastante meu,0.1748458228097258
bastante tempo,0.15750512179805504
bate,-0.24577038593912168
bate fora,-0.24577038593912168
batida,0.18449782545661916
batida pequena,0.18449782545661916
batidas,-0.0841648670054737
batidas aceleradas,-0.022625052108240652
batidas muito,-0.25304435394729263
batidas rapidas,0.17695964281427462
batimentos,-0.4171277901705515
batimentos irregulares,-0.4171277901705515
beber,0.19614244583393184
beber agua,0.19614244583393184
bem,1.4350740163013018
bem exceto,0.15343229989970927
bem neg_sintoma_toracico,0.26369508607844444
bem pela,0.13729357819355484
bem sem,0.18993422151811062
bem sigo,0.1700492774642848
bem so,0.15736902091043853
bem tenho,0.14020829058584017
blusa,0.34254636705558883
blusa apenas,0.21679290790043232
blusa irritou,0.1522404851116077
boca,0.508866200241227
boca esta,-0.29395620090074803
boca ficou,-0.2545468453574761
boca mas,0.18173936491092668
boca ressecou,0.27690968302695546
boca seca,0.39624570672016607
boca sigo,0.13729357819355484
boca so,0.21918673475040085
bolha,0.5520931739970492
bolha do,0.19962015894628887
bolha pequena,0.26088460761204757
bolha que,0.17830126022665355
braco,-0.11650753880625082
braco cocando,0.16155597046518577
braco esquerdo,-0.23209715139812281
braco esta,-0.261361322914571
braco nao,0.27872347326548774
braco perdeu,-0.25288024779412893
braco sem,0.2996706364122443
braco so,0.1691974344332478
braco tambem,-0.14164384656991985
braco tenho,-0.20236556756855306
bracos,-0.3410358647278632
breve,0.3005263600449443
breve na,0.1468045917628975
breve senti,0.17695964281427462
buscando,-0.24116811954976178
buscando ar,-0.24116811954976178
cabeca,0.2319608168531226
cabeludo,0.17056437275077063
cada,-0.3085224609347794
cada dia,0.22945485704403532
cada inspiracao,-0.16638101766950175
cada palavra,-0.19914714739314976
cada vez,-0.23217923176204278
cadeira,-0.4240230175445139
cadeira falta,-0.17627350913569367
cai,-0.3074670950961361
cai desacordado,-0.3074670950961361
caibra,0.1468045917628975
caibra breve,0.1468045917628975
caindo,-0.25304435394729263
caindo sem,-0.25304435394729263
caiu,-0.25771016239507105
calcado,0.17830126022665355
calcado apertado,0.17830126022665355
calcanhar,0.41921071054205955
calcanhar que,0.15081060126361892
calcanhar ressecado,0.1843844283493882
calo,0.3375260958803796
calo do,0.20625591390788967
calo pequeno,0.15736902091043853
caminhada,-0.26683074421917646
caminhada continuo,-0.26683074421917646
camisa,0.18440013775041214
camisa apenas,0.18440013775041214
cansaco,0.1462598662081306
cansaco de,0.21043307852024745
cansaco nao,-0.23561244486118926
cansaco passou,0.19189500290687664
cansado,0.1748458228097258
cansado ja,0.1748458228097258
cansados,0.2753042173592696
cansados da,0.2753042173592696
cansando,-0.22540122778371371
cansando para,-0.22540122778371371
cantar,0.1700492774642848
cantar mas,0.1700492774642848
caspa,0.2319608168531226
caspa coceira,0.2319608168531226
causa,0.16230679590260572
causa do,0.16230679590260572
cede,-0.15770973242971176
cede comecou,-0.15770973242971176
cedo,-0.19328570035904935
chao,-0.546311280788822
cicatrizando,0.17742366734159395
coca,0.505092795774648
coca onde,0.2660355387887216
coca um,0.28747071023370263
cocando,0.16155597046518577
cocando um,0.16155597046518577
coceira,0.930066011985101
coceira discreta,0.4024754699972367
coceira leve,0.3168431463450319
coceira nas,0.12862386000519627
coceira no,0.026844782516099425
coceira pequena,0.18683369614665454
com,-0.8376647371661263
com aperto,-0.1347086173745481
com boca,0.23074252998502515
com dificuldade,-0.3542235859752818
com dor,-0.3284863049250291
com enjoo,-0.3061686398685677
com falta,-0.5703439383383906
com fraqueza,-0.19068352284719678
com garganta,0.3121562416942853
com leve,0.1812875067324418
com meu,0.20625591390788967
com muita,-0.20199648651891705
com nariz,0.23621817995717403
com os,0.2753042173592696
com palidez,-0.23217923176204278
com pausa,0.4694501629061437
com peito,-0.18925124391044051
com pressao,-0.40214897203940775
com respiracao,-0.31457395531587734
com sensacao,-0.36135160687848644
com sono,0.23128865952897415
com suor,-0.41400841033208496
com torax,-0.19366916139789633
com uma,0.5019929001438227
comecei,-1.310149690318156
comecei com,-0.21046522546636048
comecei falar,-0.4764909150338668
comecei me,-0.17627350913569367
comecei perder,-0.19392182114483483
comecei sentir,-0.16171680833411126
comecei subitamente,-0.3542235859752818
comecei tossir,-0.19478796407407056
comecou,-0.2624823697931824
comecou de,-0.1250688016509015
comecou irradiar,-0.15770973242971176
comer,0.18993422151811062
comer acabou,0.18993422151811062
comigo,0.20533405176712796
comigo so,0.20533405176712796
como,-0.21106627632445463
como um,-0.21106627632445463
completamente,0.4401412151090405
completamente ao,0.2709366796256966
completamente com,0.2032379771143428
completo,-0.24239998958077758
completo uma,-0.24239998958077758
computador,0.2003048386078615
confuso,-0.5480013969538907
confuso desde,-0.23673963064661957
confuso meu,-0.25288024779412893
congestao,0.13729357819355484
congestao nasal,0.13729357819355484
conhecida,0.14951557721421377
conhecida ja,0.14951557721421377
consciencia,-0.8594838927193322
consciencia em,-0.22568302762127634
consciencia fui,-0.3250428043201703
consciente,-0.13692980001113778
consciente porem,-0.13692980001113778
consigo,-0.3049566958875061
consigo atravessar,-0.20385715486469388
consigo falar,-0.19501871070499419
consigo fazer,0.23128865952897415
consigo ficar,-0.21703530652544412
consigo manter,0.24926809409299805
consigo mexe,0.18449782545661916
consigo recuperar,-0.2545468453574761
consigo respirar,-0.20191994696778695
continua,-0.1349710379072277
continua aumentando,-0.18457847243685765
continua igual,0.19244731764861842
continua no,-0.16171680833411126
continuo,-0.16361763501128704
continuo com,-0.16499434146882436
continuo consciente,-0.13692980001113778
continuo muito,-0.26683074421917646
continuo respirando,0.47228959987245933
contraiu,0.21221998789933968
contraiu por,0.21221998789933968
conversa,0.17838448662978498
conversa longa,0.17838448662978498
cor,-0.1810079735034242
coracao,-0.79825463372006
coracao acelerou,0.18699013056444697
coracao bate,-0.24577038593912168
coracao da,-0.25304435394729263
coracao dispara,-0.45934328917716005
coracao disparar,0.2016356319251319
coracao esta,-0.01616519168166965
coracao falhar,-0.22568302762127634
coracao falhou,-0.24632446641674316
coracao muito,-0.3074670950961361
coracao nao,0.20812760475517836
coriza,0.4439969375456171
coriza leve,0.4439969375456171
corpo,-0.2556248953544215
corpo ficou,-0.2556248953544215
correndo,0.18699013056444697
correndo mas,0.18699013056444697
correr,0.353600522286163
correr ate,0.2032379771143428
correr fiquei,0.1777043216808334
corri,0.18127463052859016
corri para,0.18127463052859016
corrida,0.17695964281427462
corrida breve,0.17695964281427462
costas,0.2607055699484339
costas depois,0.12862386000519627
costas mas,0.1522404851116077
cotovelo,0.5407277675437202
cotovelo esta,0.14075945925008204
cotovelo nao,0.14348142136533723
cotovelo tem,0.1812875067324418
couro,0.17056437275077063
couro cabeludo,0.17056437275077063
cuidada,0.22945485704403532
cuidada melhora,0.22945485704403532
curativo,0.14656781765276256
curativo nenhum,0.14656781765276256
da,0.629342869102644
da batidas,-0.25304435394729263
da blusa,0.21679290790043232
da camisa,0.18440013775041214
da corrida,0.17695964281427462
da irritacao,-0.21268664217716687
da leitura,0.4138667898853499
da limpeza,0.17319002736701897
da mao,0.1485930461530524
dar,-0.1935338723533824
dar alguns,-0.1935338723533824
das,-0.009207737595186281
das costas,0.1522404851116077
das maos,0.16230679590260572
das palpitacoes,-0.3250428043201703
de,-0.2905260321381026
de apagar,-0.26299448665029324
de ar,-0.38917577302904605
de cada,-0.19914714739314976
de cansaco,0.19189500290687664
de cantar,0.1700492774642848
de correr,0.1777043216808334
de dificuldade,-0.20872432446255662
de digitar,0.1637790678039652
de escrever,0.1748458228097258
de falar,0.5126862677755887
de la,0.12862386000519627
de ler,0.14830755998664152
de leve,0.36559794627555675
de ontem,0.21043307852024745
de outra,0.14020829058584017
de pele,0.1812875067324418
de perder,-0.24433703893301253
de peso,-0.15770973242971176
de piorar,-0.14486693177539778
de rasgar,-0.19068352284719678
de repente,-1.0083171721003659
de resto,0.14075945925008204
de sensacao,-0.24433703893301253
de sono,0.19189500290687664
de suor,-0.3013418684631146
de tanta,-0.21703530652544412
de tossir,-0.19392182114483483
de transpiracao,-0.24833019149235813
de uma,0.5312989609962389
de usar,0.3053201495143546
dedo,0.6440635788544692
dedo deixou,0.18449782545661916
dedo ficou,0.1748458228097258
dedo numa,0.1746806758194727
dedos,-0.44636406645275295
dedos estao,-0.19827707959479984
dedos ficaram,-0.2826016037134358
deformidade,0.1746806758194727
deitado,-0.24116811954976178
deitado acordei,-0.24116811954976178
deitar,-0.23425008484531898
deixa,-0.2537232497063426
deixa eu,-0.2537232497063426
deixou,0.6184182659139786
deixou desconforto,0.18449782545661916
deixou meu,0.16155597046518577
deixou nuca,0.21378924744477587
deixou uma,0.17830126022665355
depois,1.4962701105117486
depois da,0.325018005734786
depois das,-0.3250428043201703
depois de,1.1384842373776296
depois do,0.6729248296730757
desacordado,-0.3074670950961361
desacordado apos,-0.3074670950961361
descamacao,0.14348142136533723
descamacao pequena,0.14348142136533723
descansar,0.058884466598821156
descansar nao,-0.28053662791142386
descansar vista,0.14830755998664152
descansava,-0.18457847243685765
descansava continua,-0.18457847243685765
descansei,0.21043307852024745
descansei me,0.21043307852024745
descanso,0.23577272674863908
descanso resolveu,0.23577272674863908
descascando,0.14075945925008204
descascando um,0.14075945925008204
desconforto,-0.23095608482810898
desconforto leve,-0.24833019149235813
desconforto pequeno,-0.19942502438264345
desconforto que,0.18449782545661916
desde,-0.39916066585622795
desde agora,-0.23673963064661957
desde cedo,-0.19328570035904935
desmaiando,-0.37333544237062266
desmaiando com,-0.20946171242885497
desmaiando sinto,0.214592720518704
desmaiar,-0.26603147105367764
desmaiei,-0.3886671445360535
desmaiei durante,-0.26683074421917646
desmaiei mas,-0.15188966532224074
desorientado,-0.35868491342159287
dia,0.22945485704403532
diabetes,-0.09178198247256625
diabetes comecei,-0.21046522546636048
diabetes hoje,-0.041826253185409
diabetes mas,0.1459746351973535
diabetico,-0.08665793124183553
diabetico comecei,-0.21523252253814226
diabetico estou,0.15343229989970927
diabetico surgiram,-0.27108957776517106
diabetico unico,0.22945485704403532
dificil,-1.0643376377639342
dificil em,-0.24239998958077758
dificil puxar,-0.19478796407407056
dificil respirar,-0.2272486605327722
dificil suor,-0.128133510852847
dificil tosse,-0.21076453404919443
dificuldade,0.13242102184688753
dificuldade agora,-0.20199648651891705
dificuldade cada,-0.16638101766950175
dificuldade para,0.6271262785322552
dificuldade porem,-0.1839219744763936
dificuldade pra,0.2152161567069186
dificuldade respiratoria,0.23585668312315555
dificuldade subita,-0.20872432446255662
digitar,0.1637790678039652
digitar por,0.1637790678039652
diminuindo,0.30092737078159354
diminuindo respiro,0.14951557721421377
diminuindo sem,0.1746806758194727
direito,-0.4007692910086238
direito nem,-0.23673963064661957
discreta,0.4202958525782688
discreta na,0.2319608168531226
discreta no,0.2016356319251319
discreta onde,0.20812760475517836
discreta porem,-0.140058746241774
dispara,-0.45934328917716005
dispara parece,-0.26603147105367764
dispara sinto,-0.22883003928559062
disparado,-0.21703530652544412
disparado ha,-0.21703530652544412
disparar,0.2016356319251319
disparar so,0.2016356319251319
dizer,-0.24976899792446497
dizer meu,-0.24976899792446497
do,0.5347548442432699
do almoco,0.13263862332794304
do cansaco,0.21043307852024745
do coracao,-0.22568302762127634
do corpo,-0.2556248953544215
do cotovelo,0.14075945925008204
do exercicio,0.27785658333356267
do nada,-0.39890174015027285
do ombro,0.18440013775041214
do peito,0.2660355387887216
do ritmo,-0.24577038593912168
do rosto,-0.25771016239507105
do sabao,0.16230679590260572
do sapato,0.3767446980779117
do torax,0.3007372997763952
do treino,0.1993490618600855
doi,-0.246866349811033
doi cada,-0.23217923176204278
doi junto,-0.2231176754682225
doi mas,-0.16809750300472992
doi mesmo,-0.210146325819729
doi muito,-0.24577038593912168
doi nao,0.27872347326548774
doi no,-0.16638101766950175
doi pele,0.17742366734159395
doi torax,0.19962015894628887
doi unica,0.23636525937281683
dois,-0.15770973242971176
dois bracos,-0.15770973242971176
dolorida,0.1993490618600855
dolorida depois,0.1993490618600855
dolorido,0.1570232309650981
dolorido apos,0.1570232309650981
dor,-0.9323199820970187
dor como,-0.21106627632445463
dor discreta,-0.140058746241774
dor forte,-0.30400716324357296
dor interna,0.2660355387887216
dor muscular,0.3231021282171941
dor nem,0.18699013056444697
dor no,-0.5688842137882791
dor ou,0.14348142136533723
dor parece,-0.40188229002080733
dor subita,-0.19068352284719678
dor toracica,-0.28695314401793964
dor vai,-0.23209715139812281
dormi,0.2369486443246133
dormi tarde,0.2369486443246133
dormindo,-0.12080568679674024
dormindo quando,-0.12080568679674024
dormir,0.23128865952897415
dormir pouco,0.23128865952897415
dos,-0.44196129846615434
dos dedos,-0.2826016037134358
dos pes,-0.1935338723533824
durante,-0.28101189275313254
durante apresentacao,0.27690968302695546
durante banho,-0.2094869894728774
durante caminhada,-0.26683074421917646
durante essa,-0.13692980001113778
durante exercicio,0.1689206577341526
durante noite,-0.19366916139789633
duvida,0.13549197618302844
duvida era,0.13549197618302844
em,-0.6350933065539746
em falta,0.23473023587316597
em mim,0.17056437275077063
em pe,-0.21703530652544412
em poucos,0.1777043216808334
em repouso,-0.6731989699181282
em seguida,-0.43812959847907584
emocionalmente,-0.2306304236081292
emocionalmente porem,-0.2306304236081292
encharcado,-0.21264873732882975
encharcado de,-0.21264873732882975
encravada,0.1459746351973535
encravada ja,0.1459746351973535
engolir,0.19730424304416946
engolir normalmente,0.19730424304416946
enjoo,-0.4260374568556939
enjoo apareceu,-0.1347086173745481
enjoo intenso,-0.21046522546636048
enjoo mas,-0.21264873732882975
enjoo so,0.14830755998664152
enjoo suor,-0.11937757209640945
enorme,-0.19942502438264345
enquanto,-0.7993676851791218
enquanto andava,-0.26739442932784413
enquanto eu,-0.2963705581491381
enquanto falo,-0.2164204687978479
enquanto tomava,-0.18925124391044051
enrolado,-0.4764909150338668
enrolado um,-0.4764909150338668
entupido,0.24926809409299805
entupido mas,0.24926809409299805
enxergo,-0.13692980001113778
enxergo durante,-0.13692980001113778
era,0.34979805760593136
era assunto,0.17056437275077063
era azia,-0.10922523388128726
era de,0.22068799436155564
era sobre,0.13549197618302844
escoriacao,0.22068799436155564
escoriacao superficial,0.22068799436155564
escorre,0.17087565544939234
escorre um,0.17087565544939234
escorrendo,0.4078112307264298
escorrendo mas,0.23621817995717403
escrever,0.1748458228097258
escrever bastante,0.1748458228097258
escurece,-0.15188966532224074
escurece junto,-0.15188966532224074
escureceu,-0.26351140316770316
escureceu tudo,-0.26351140316770316
esforco,-0.11868524009847635
espalha,-0.22154549092336162
espalha pelo,-0.22154549092336162
espinha,0.41577180430237565
espinha esta,0.27872347326548774
espinha sensivel,0.1691974344332478
espirrando,0.5068483804977897
espirrando mas,0.33082372456674003
espirrando pouco,0.2152161567069186
espirros,0.29860507584421847
espirros hoje,0.29860507584421847
espuma,-0.19478796407407056
espuma rosada,-0.19478796407407056
espumosa,-0.1726791706269005
espumosa rosada,-0.1726791706269005
esquerdo,-0.23209715139812281
essa,-0.13692980001113778
essa pressao,-0.13692980001113778
esta,0.5414036181472804
esta acelerado,0.20812760475517836
esta apertando,-0.21264873732882975
esta cicatrizando,0.17742366734159395
esta descascando,0.14075945925008204
esta diminuindo,0.30092737078159354
esta disparado,-0.21703530652544412
esta incomodando,0.27872347326548774
esta melhorando,0.3403457629276267
esta muito,-0.19478796407407056
esta normal,0.2755221130201113
esta passando,0.35557355837441496
esta pesada,-0.2826016037134358
esta preso,-0.2231176754682225
esta torta,-0.29395620090074803
esta um,0.1570232309650981
estao,-0.1021838515207989
estao inchados,-0.2216217397553872
estao muito,-0.20385715486469388
estao roxos,-0.19827707959479984
estao secas,0.17319002736701897
estao secos,0.32371258865066194
estar,0.4553811404696775
estava,0.009230294165487853
estava dormindo,-0.12080568679674024
estava nao,0.2660355387887216
estava sentado,-0.1347086173745481
estou,0.013398131133627754
estou ansioso,-0.22883003928559062
estou apenas,0.23585189206317608
estou bem,1.0131142790265413
estou cansando,-0.22540122778371371
estou com,0.35799699600999024
estou confuso,-0.3450810991233228
estou encharcado,-0.21264873732882975
estou espirrando,0.33082372456674003
estou fraco,-0.21076453404919443
estou lutando,-0.28053662791142386
estou neg_sintoma_toracico,0.1808852469932208
estou quase,-0.20946171242885497
estou recuperado,0.20478968702764927
estou rouco,0.1700492774642848
estou sem,-0.41286348766012654
estou sentindo,0.2319608168531226
estou suando,-0.3235466013280195
estou tao,-0.2164204687978479
estou tonto,0.214592720518704
estou tossindo,-0.20822584722870352
estou tranquilo,-0.2306304236081292
estou vomitando,-0.19367098486595327
estranha,-0.29395620090074803
estranha de,-0.29395620090074803
estranhas,-0.25304435394729263
estranhas acabei,-0.25304435394729263
estufamento,0.18993422151811062
estufamento apos,0.18993422151811062
etiqueta,0.21679290790043232
etiqueta da,0.21679290790043232
eu,-0.031676546411839056
eu descansava,-0.18457847243685765
eu estava,-0.1347086173745481
eu estou,0.2762189788280051
eu nao,0.23473023587316597
eu terminar,-0.2537232497063426
examinada,0.30627800345621475
examinada lesao,0.17742366734159395
examinada segue,0.15253695022951028
exaustao,-0.28053662791142386
exaustao estou,-0.28053662791142386
exceto,0.15343229989970927
exceto por,0.15343229989970927
exercicio,0.6193017908683744
exercicio acelerou,0.2709366796256966
exercicio foi,0.15253695022951028
exercicio ja,0.1468045917628975
exercicio parou,0.1689206577341526
exige,-0.4027475104428478
exige muito,-0.4027475104428478
faco,0.21043307852024745
faco tudo,0.21043307852024745
fala,-0.29395620090074803
fala ficou,-0.29395620090074803
falar,0.23276640614634772
falar alto,0.23585668312315555
falar de,0.20533405176712796
falar direito,-0.19501871070499419
falar enrolado,-0.4764909150338668
falar muito,0.39624570672016607
falar por,0.15750512179805504
falaram,0.23473023587316597
falaram em,0.23473023587316597
falei,0.210203804610054
falei bastante,0.210203804610054
falhar,-0.22568302762127634
falhar perdi,-0.22568302762127634
falhou,-0.24632446641674316
falhou por,-0.24632446641674316
falo,-0.2164204687978479
falta,-0.47948764904308744
falta ar,-0.0004649519283682243
falta de,-0.38917577302904605
falta muito,-0.17627350913569367
faltar,-0.1935338723533824
faltar muito,-0.1935338723533824
faz,-0.2160607352608195
faz tempo,-0.2160607352608195
fazer,0.23128865952897415
fazer minhas,0.23128865952897415
febre,-0.3441856521392901
febre agora,-0.19914714739314976
febre mas,-0.24976899792446497
febre nem,0.07156666052935824
febre ou,-0.2164204687978479
ferida,0.18173936491092668
ferida na,0.18173936491092668
ficando,-0.21106627632445463
ficando sem,-0.21106627632445463
ficar,-0.4200374211353248
ficar em,-0.21703530652544412
ficar sentado,-0.23548105219699775
ficaram,-0.4715414043238728
ficaram azuladas,-0.2826016037134358
ficaram azulados,-0.22540122778371371
ficou,-0.22283019386337305
ficou cansado,0.1748458228097258
ficou dificil,-0.4307170045551112
ficou dolorida,0.1993490618600855
ficou estranha,-0.29395620090074803
ficou fraca,0.23585668312315555
ficou fraco,-0.2556248953544215
ficou muito,-0.18550425111666857
ficou ressecada,0.17988450455175012
ficou roxa,-0.2545468453574761
ficou sensivel,0.16184649995654257
ficou um,0.16862242611776118
fiquei,-0.6107002447730723
fiquei com,0.12074085269033163
fiquei confuso,-0.25288024779412893
fiquei de,-0.140058746241774
fiquei muito,-0.4226056230475262
fiquei ofegante,0.33321357431940574
fiquei repentinamente,-0.16809750300472992
fiquei sem,-0.20822584722870352
fiquei subitamente,-0.210146325819729
fissura,0.1843844283493882
fissura superficial,0.1843844283493882
foi,0.6996363014249352
foi apenas,0.1689206577341526
foi cuidada,0.22945485704403532
foi de,0.14020829058584017
foi examinada,0.30627800345621475
folego,0.0026871158251527746
folego acelerou,0.2032379771143428
folego completamente,0.2709366796256966
folego em,-0.2545468453574761
folego que,-0.2164204687978479
fora,-0.056980038009475174
fora do,-0.24577038593912168
fora isso,0.1843844283493882
forca,-0.25288024779412893
forcas,-0.21106627632445463
forte,-1.0728827014823912
forte com,-0.18106906970235162
forte neste,-0.15395448872288603
forte no,-0.592500998448355
forte porem,-0.1586623039807182
forte transpiracao,-0.27108957776517106
fraca,0.23585668312315555
fraca apos,0.23585668312315555
fraco,-0.8596594021000716
fraco com,-0.21076453404919443
fraco comecei,-0.19392182114483483
fraco suando,-0.140058746241774
fraqueza,-0.5768283009538911
fraqueza intensa,-0.19068352284719678
fraqueza subita,-0.19942502438264345
frase,-0.4605144587121659
fria,-0.21544761402005747
fria do,-0.27108957776517106
fria junto,-0.1476803687496817
fria nem,0.17319002736701897
frio,-1.261110069092905
frio continuo,-0.15029454633156358
frio estou,0.23585189206317608
frio forte,-0.18106906970235162
frio mas,0.20533405176712796
frio quase,-0.22349568937526237
frio repentino,-0.21046522546636048
frio sem,-0.1839219744763936
frio uma,-0.19942502438264345
fui,-0.4976303537775956
fui ao,-0.3250428043201703
fui ficando,-0.21106627632445463
garganta,0.7523864426551377
garganta incomoda,0.19730424304416946
garganta levemente,0.3121562416942853
garganta pediu,0.3606977307882898
gases,0.1808852469932208
gases depois,0.1808852469932208
gaveta,0.1746806758194727
gaveta de,0.1746806758194727
gelada,-0.23960526973897028
gelada foi,0.14020829058584017
gelada sensacao,-0.24833019149235813
gelado,-1.0442788437617336
gelado respirar,-0.21523252253814226
ha,-0.1483164249910447
ha apenas,0.17056437275077063
ha dor,0.007849943191594736
ha inchaco,0.16184649995654257
ha meia,-0.2231176754682225
ha pouco,-0.23673963064661957
ha poucos,-0.25771016239507105
ha transpiracao,0.17319002736701897
ha uma,0.20812760475517836
ha vinte,-0.21703530652544412
hoje,0.39395927670973163
hoje apenas,0.13600864689691203
hoje continuo,0.29860507584421847
hoje faco,0.21043307852024745
hoje nao,-0.20385715486469388
hoje respirar,-0.23561244486118926
hoje sinto,0.2369486443246133
hoje so,0.2686806193567199
hoje veio,-0.18106906970235162
hora,-0.2231176754682225
hora meu,-0.2231176754682225
horas,0.24048087080588823
horas agora,-0.19367098486595327
horas na,0.16862242611776118
houve,0.18699013056444697
houve dor,0.18699013056444697
igual,0.19244731764861842
igual neg_sintoma_toracico,0.19244731764861842
importante,0.16184649995654257
importante respiro,0.16184649995654257
inchaco,-0.029413040937790964
inchaco dos,-0.1935338723533824
inchaco importante,0.16184649995654257
inchados,-0.3949405456816787
inchados respirar,-0.2216217397553872
incharam,-0.21778929166800606
incharam estou,-0.21778929166800606
incomoda,0.7111972257889282
incomoda ao,0.15081060126361892
incomoda consigo,0.21918673475040085
incomoda pouco,0.17830126022665355
incomoda um,0.31058237617525947
incomodando,0.39678592610095637
incomodando ao,0.14874349381140473
incomodo,0.42851970740940976
incomodo leve,0.1637790678039652
incomodo na,0.22945485704403532
incomodo nao,-0.1586623039807182
incomodou,0.23577272674863908
incomodou apos,0.23577272674863908
inspiracao,-0.16638101766950175
inspiracao doi,-0.16638101766950175
instantes,-0.24632446641674316
instantes em,-0.24632446641674316
inteira,0.23577272674863908
inteira descanso,0.23577272674863908
intensa,-0.9956323052454428
intensa no,-0.21268664217716687
intensa que,-0.23425008484531898
intensa suor,-0.2479979969869722
intenso,-0.21046522546636048
intenso suor,-0.21046522546636048
interna,0.2660355387887216
interna nem,0.2660355387887216
irradiar,-0.15770973242971176
irradiar para,-0.15770973242971176
irregulares,-0.4171277901705515
irregulares escureceu,-0.26351140316770316
irregulares uma,-0.18587034053437587
irritacao,0.1906180340056032
irritacao localizada,0.14656781765276256
irritacao na,-0.05500141738866778
irritacao pequena,0.14020829058584017
irritada,0.21378924744477587
irritou,0.31247855762731275
irritou pele,0.18440013775041214
irritou um,0.1522404851116077
isso,0.38903310195691404
isso estou,0.1843844283493882
isso tenho,0.23473023587316597
ja,1.2022959775135618
ja avaliada,0.34363255714949925
ja esta,0.3464610254526696
ja estou,0.20478968702764927
ja foi,0.17742366734159395
ja melhorou,0.2816884307170866
ja passou,0.1468045917628975
ja tratada,0.1459746351973535
junto,-1.0253452192227508
junto com,-0.38099328152993894
junto de,-0.6153318134430011
la,0.12862386000519627
la ja,0.12862386000519627
labio,0.16184649995654257
labio ficou,0.16184649995654257
labios,0.27451119776244665
labios estao,0.32371258865066194
labios ficaram,-0.22540122778371371
lado,-0.4764909150338668
lado do,-0.4764909150338668
lascada,0.23636525937281683
leitura,0.4138667898853499
leitura em,0.17056437275077063
leitura mas,0.2753042173592696
lendo,-0.1347086173745481
ler,0.14830755998664152
ler por,0.14830755998664152
lesao,0.17742366734159395
lesao esta,0.17742366734159395
leve,1.3407706917557183
leve apos,0.19857007230036028
leve boca,0.21918673475040085
leve coceira,0.32659804055922664
leve mas,-0.4249343190212505
leve neg_dificuldade_respiratoria,0.2798117247768377
leve no,0.5910073351741315
leve nos,0.214592720518704
leve sem,0.2369486443246133
leve sensibilidade,0.1746806758194727
levemente,0.3121562416942853
levemente arranhando,0.3121562416942853
li,0.2319608168531226
li sobre,0.2319608168531226
limpeza,0.17319002736701897
limpeza mas,0.17319002736701897
lo,0.18449782545661916
local,0.21918673475040085
local incomoda,0.21918673475040085
localizada,0.14656781765276256
localizada na,0.14656781765276256
logo,0.17695964281427462
logo normalizaram,0.17695964281427462
longa,0.30347156832205846
longa mas,0.17838448662978498
lutando,-0.28053662791142386
lutando para,-0.28053662791142386
mais,-0.23217923176204278
mais surgiram,-0.23217923176204278
mal,0.23179477241762433
mal completo,-0.24239998958077758
mal estar,0.4553811404696775
mandibula,-0.2231176754682225
mandibula doi,-0.2231176754682225
manga,0.18440013775041214
manga da,0.18440013775041214
manter,0.24926809409299805
manter todas,0.24926809409299805
mao,0.47355126326069463
mao incomodou,0.23577272674863908
mao neg_dificuldade_respiratoria,0.1554159344654147
mao ta,0.1485930461530524
maos,0.3114168531787892
maos estao,0.17319002736701897
maos ressecada,0.16230679590260572
marca,0.30440175833394273
marca antiga,0.13549197618302844
marca na,0.19244731764861842
mas,0.7642656480682898
mas agora,-0.10922523388128726
mas comigo,0.20533405176712796
mas consigo,0.19730424304416946
mas continuo,0.210203804610054
mas coracao,-0.22883003928559062
mas estou,-0.20946171242885497
mas eu,0.23473023587316597
mas falta,-0.46735456338759845
mas fiquei,-0.16809750300472992
mas hoje,0.1459746351973535
mas minha,0.024593180336908403
mas nao,0.825437595490008
mas neg_dificuldade_respiratoria,0.17087565544939234
mas neg_sintoma_toracico,0.23621817995717403
mas neg_tontura_ou_desmaio,0.32371258865066194
mas nenhum,0.18173936491092668
mas parou,0.1558083433088135
mas peito,-0.21264873732882975
mas respiracao,-0.1350244898385292
mas respiro,0.1700492774642848
mas se,0.2032379771143428
mas sem,0.2753042173592696
mas sinto,-0.369705469268045
mas tambem,-0.19942502438264345
mas tirar,0.1522404851116077
mas torax,-0.261361322914571
mas tudo,0.1777043216808334
mas veio,-0.24833019149235813
mas voltou,0.18699013056444697
me,0.12930380235041194
me acordou,-0.12080568679674024
me deitar,-0.23425008484531898
me recuperei,0.21043307852024745
me sentir,-0.17627350913569367
me sinto,0.4318513224877911
meia,-0.2231176754682225
meia hora,-0.2231176754682225
meio,-0.19914714739314976
meio de,-0.19914714739314976
melhora,0.13235464433172783
melhora cada,0.22945485704403532
melhora com,0.1570232309650981
melhora hoje,-0.23561244486118926
melhorando,0.45549453332254725
melhorando neg_dificuldade_respiratoria,0.15253695022951028
melhorando sem,0.3403457629276267
melhorei,0.19614244583393184
melhorei ao,0.19614244583393184
melhorou,0.44112360326813976
melhorou ao,0.30443297274697684
melhorou com,0.1748458228097258
mesma,0.16862242611776118
mesma posicao,0.16862242611776118
mesmo,-1.053987510589873
mesmo assim,-0.210146325819729
mesmo em,-0.14486693177539778
mesmo na,-0.17627350913569367
mesmo parado,-0.4113809352388683
mesmo quieto,-0.2272486605327722
mesmo sentado,-0.19501871070499419
meu,-0.005609736749654313
meu avo,0.20533405176712796
meu braco,-0.3094115811071485
meu coracao,-0.08734169581608345
meu dedo,0.1748458228097258
meu labio,0.16184649995654257
meu nariz,0.17087565544939234
meu nome,-0.24976899792446497
meu pai,0.3375260958803796
meu peito,-0.703227855131991
meu pescoco,0.21679290790043232
meu torax,0.21319463578886538
meus,-0.09259547590688016
meus labios,0.09125515506984311
meus pes,-0.20385715486469388
mexe,0.18449782545661916
mexe lo,0.18449782545661916
mim,0.17056437275077063
mim ha,0.17056437275077063
minha,0.21919147096234964
minha boca,-0.015823020027960745
minha duvida,0.13549197618302844
minha fala,-0.29395620090074803
minha mandibula,-0.2231176754682225
minha pele,0.17988450455175012
minha queixa,0.1554159344654147
minha respiracao,0.14626331047258337
minha rotina,0.1700492774642848
minha unica,0.20625591390788967
minha visao,-0.15188966532224074
minhas,0.1637828732263108
minhas maos,0.17319002736701897
minhas pernas,-0.21778929166800606
minhas tarefas,0.23128865952897415
minuto,0.18127463052859016
minuto agora,0.18127463052859016
minutos,-0.03868745986591811
minutos agora,0.25086377879097627
minutos comecei,-0.25771016239507105
minutos estou,0.1777043216808334
minutos nao,-0.21703530652544412
molhada,-0.19366916139789633
molhada de,-0.19366916139789633
momento,-0.15395448872288603
mordi,0.21918673475040085
mordi de,0.21918673475040085
mordida,0.16184649995654257
mordida pequena,0.16184649995654257
mudou,0.13549197618302844
muita,-0.20199648651891705
muita dificuldade,-0.20199648651891705
muito,-1.9988309034119995
muito acelerado,-0.3074670950961361
muito ar,-0.34326480323500236
muito dificil,-0.44604261603558015
muito esforco,-0.4027475104428478
muito estranhas,-0.25304435394729263
muito forte,-0.15395448872288603
muito fraco,-0.5270926222750553
muito inchados,-0.20385715486469388
muito melhorei,0.19614244583393184
muito palido,-0.39863482114155324
muito transpiro,-0.1839219744763936
muscular,0.4391969221817891
muscular conhecida,0.14951557721421377
muscular depois,0.15253695022951028
muscular leve,0.19857007230036028
na,0.6343842521103707
na boca,0.18173936491092668
na cabeca,0.2319608168531226
na cadeira,-0.4240230175445139
na mao,0.1554159344654147
na mesma,0.16862242611776118
na panturrilha,0.1468045917628975
na pele,0.43228208955264535
na tosse,-0.20872432446255662
na unha,0.22945485704403532
nada,-0.39890174015027285
nada sinto,-0.15865680638542548
nao,-0.30607502230243827
nao aperta,0.21679290790043232
nao cede,-0.15770973242971176
nao consigo,-1.160290191657047
nao deixa,-0.2537232497063426
nao desmaiei,-0.15188966532224074
nao doi,0.2710318158197309
nao enxergo,-0.13692980001113778
nao esta,0.20812760475517836
nao estou,0.19100913601385497
nao falta,0.24926809409299805
nao forte,-0.1586623039807182
nao ha,0.2877792704502111
nao houve,0.18699013056444697
nao melhora,-0.23561244486118926
nao mudou,0.13549197618302844
nao para,-0.14486693177539778
nao param,-0.23425008484531898
nao passa,-0.14571844715304888
nao perdi,0.27872347326548774
nao resolveu,-0.28053662791142386
nao sinto,0.4103154288057667
nao tenho,0.05628535619075758
nao tive,-0.19914714739314976
nao to,0.23074252998502515
nariz,0.9268363238272822
nariz coca,0.1298145662660362
nariz entupido,0.24926809409299805
nariz escorre,0.17087565544939234
nariz escorrendo,0.4078112307264298
nas,-0.060378428430558365
nas costas,0.12862386000519627
nas ultimas,-0.19367098486595327
nasal,0.13729357819355484
nasal incomoda,0.13729357819355484
nausea,-0.38871312603964253
nausea forte,-0.27108957776517106
nausea transpiracao,-0.1476803687496817
nauseas,-0.045099375297093826
nauseas continuo,-0.16499434146882436
nauseas uma,-0.16171680833411126
neg_dificuldade_respiratoria,1.4371409430799669
neg_dificuldade_respiratoria apenas,0.28409080033474526
neg_dificuldade_respiratoria estou,0.18127463052859016
neg_dificuldade_respiratoria etiqueta,0.21679290790043232
neg_dificuldade_respiratoria mas,-0.15029454633156358
neg_dificuldade_respiratoria nao,0.2016356319251319
neg_dificuldade_respiratoria nem,0.1298145662660362
neg_palpitacoes,0.3035728054493447
neg_palpitacoes manga,0.18440013775041214
neg_palpitacoes neg_sintoma_toracico,0.14264610531476524
neg_sintoma_toracico,1.5688002670646892
neg_sintoma_toracico mas,-0.2479979969869722
neg_sintoma_toracico minha,0.13549197618302844
neg_sintoma_toracico neg_dificuldade_respiratoria,0.23621817995717403
neg_sintoma_toracico neg_suor_frio,0.1485930461530524
neg_sintoma_toracico nem,0.6124002258080483
neg_sintoma_toracico ou,0.8364940009739098
neg_sintoma_toracico so,0.2704753837146585
neg_suor_frio,0.43219308028923664
neg_suor_frio so,0.1485930461530524
neg_suor_frio tenho,0.16230679590260572
neg_tontura_ou_desmaio,0.45753186809078555
neg_tontura_ou_desmaio nem,0.1691974344332478
neg_tontura_ou_desmaio ou,0.32371258865066194
nem,1.24927028462845
nem dificuldade,0.5068483804977897
nem dor,0.1691974344332478
nem enjoo,0.14830755998664152
nem falta,0.43120952439691773
nem mal,0.31755601127533056
nem palpitacoes,0.1298145662660362
nem quase,0.214592720518704
nem sentado,-0.23673963064661957
nem tonto,0.23074252998502515
nem tontura,0.18699013056444697
nem tosse,-0.2537232497063426
nenhum,0.4203307164460468
nenhum aperto,0.18173936491092668
nenhum outro,0.2760343615766447
neste,-0.15395448872288603
neste momento,-0.15395448872288603
no,-0.9521622127548104
no braco,0.27500236972925407
no calcanhar,0.27239412646660893
no chao,-0.26351140316770316
no cotovelo,0.3001566396156758
no couro,0.17056437275077063
no dedo,0.3891383600930397
no meio,-0.19914714739314976
no nariz,0.2016356319251319
no pe,0.43461539221948514
no peito,-1.7150416592323157
no pescoco,0.2003048386078615
no punho,0.1637790678039652
no torax,-1.1062670374537158
no treino,0.20478968702764927
noite,-0.0016468199279185726
noite com,-0.19366916139789633
noite de,0.19189500290687664
nome,-0.24976899792446497
normal,0.5110025115124585
normal mas,-0.261361322914571
normal nao,0.3588616982796765
normalizaram,0.17695964281427462
normalizaram sem,0.17695964281427462
normalizou,0.2032379771143428
normalizou completamente,0.2032379771143428
normalmente,0.7013468201018879
nos,0.214592720518704
nos labios,0.214592720518704
nova,0.21378924744477587
nova so,0.21378924744477587
novo,0.13841112135862393
novos,0.19244731764861842
novos marca,0.19244731764861842
nuca,0.21378924744477587
nuca irritada,0.21378924744477587
numa,0.1746806758194727
numa gaveta,0.1746806758194727
ofegante,0.33321357431940574
ofegante por,0.18127463052859016
ofegante suei,0.1777043216808334
olhos,0.2753042173592696
olhos cansados,0.2753042173592696
ombro,0.18440013775041214
onde,0.44013052826176474
onde adesivo,0.2660355387887216
onde roupa,0.20812760475517836
onibus,0.18127463052859016
onibus fiquei,0.18127463052859016
ontem,0.21043307852024745
ontem hoje,0.21043307852024745
os,-0.5466525870711254
os bracos,-0.2096963603019469
os dedos,-0.19827707959479984
os dois,-0.15770973242971176
os olhos,0.2753042173592696
os sentidos,-0.2044182469949012
os tornozelos,-0.2216217397553872
ou,1.1187928574830373
ou dificuldade,0.3564497671726038
ou falta,0.21378924744477587
ou nauseas,0.2753042173592696
ou outros,0.14348142136533723
ou sensacao,0.32371258865066194
ou suor,0.23585189206317608
ou tontura,0.20478968702764927
ou tosse,-0.2164204687978479
outra,0.14020829058584017
outra pessoa,0.14020829058584017
outro,0.2760343615766447
outro sintoma,0.2760343615766447
outros,0.5755793527812226
outros sintomas,0.5755793527812226
ouvi,0.20533405176712796
ouvi meu,0.20533405176712796
pai,0.3375260958803796
pai minha,0.20625591390788967
pai teve,0.15736902091043853
palavra,-0.19914714739314976
palavra para,-0.19914714739314976
palidez,-0.403355753577398
palido,-0.5466726734999706
palpitacoes,-0.4160116607807796
palpitacoes apenas,0.1298145662660362
palpitacoes eu,0.15736902091043853
palpitacoes junto,-0.24433703893301253
palpitacoes nao,-0.23425008484531898
palpitacoes perdi,-0.3250428043201703
panturrilha,0.1468045917628975
panturrilha depois,0.1468045917628975
para,-0.7920385101581701
para braco,-0.23209715139812281
para de,-0.14486693177539778
para dizer,-0.24976899792446497
para faltar,-0.1935338723533824
para os,-0.15770973242971176
para pegar,0.18127463052859016
para respirar,-0.31878264223849195
parado,-0.5844524194861294
parado parece,-0.22300287784344502
param,-0.23425008484531898
param tontura,-0.23425008484531898
parar,-0.27526205989575936
parar enquanto,-0.2164204687978479
parar no,-0.19914714739314976
parece,-0.7724458982885528
parece leve,-0.20946171242885497
parece pequena,-0.22349568937526237
parece que,-0.45393436678679994
parou,0.30142188130175374
parou neg_sintoma_toracico,0.1689206577341526
parou sozinho,0.1558083433088135
passa,-0.14571844715304888
passa suor,-0.14571844715304888
passando,0.35557355837441496
passando consigo,0.18449782545661916
passaram,0.1808852469932208
passaram estou,0.1808852469932208
passos,-0.1935338723533824
passos para,-0.1935338723533824
passou,0.4530418937933474
passou apos,0.19189500290687664
passou em,0.1777043216808334
pausa,0.4694501629061437
pe,0.23321455773524466
pe apos,0.13841112135862393
pe de,-0.21703530652544412
pediu,0.3606977307882898
pediu pigarro,0.210203804610054
pediu um,0.17838448662978498
pegar,0.18127463052859016
pegar onibus,0.18127463052859016
peito,-2.1465350428904775
peito ao,-0.15865680638542548
peito apareceu,-0.18457847243685765
peito aperta,-0.38615974297292904
peito apertado,-0.18925124391044051
peito coca,0.2660355387887216
peito com,-0.14164384656991985
peito comecou,-0.1250688016509015
peito enquanto,-0.1347086173745481
peito era,0.22068799436155564
peito esta,-0.4044896868820926
peito fui,-0.21106627632445463
peito intensa,-0.15188966532224074
peito mas,-0.08991348066483353
peito me,-0.12080568679674024
peito nao,-0.30242272643021156
peito palidez,-0.20236556756855306
peito que,-0.19367098486595327
peito respirando,-0.20199648651891705
peito se,-0.22154549092336162
peito suor,-0.15029454633156358
peito ta,-0.2160607352608195
peito transpiracao,-0.16499434146882436
peito vem,-0.2121950538059271
pela,0.13729357819355484
pela boca,0.13729357819355484
pele,1.3575782426775824
pele arranhada,0.17742366734159395
pele continua,0.19244731764861842
pele da,0.1485930461530524
pele das,0.291970944686615
pele do,0.6180987702569672
pele ficou,0.17988450455175012
pele que,0.13549197618302844
pele seca,0.1812875067324418
pele surgiu,-0.21268664217716687
pelo,-0.22154549092336162
pelo braco,-0.22154549092336162
pensei,-0.18550425111666857
pensei ser,-0.18550425111666857
pequena,1.1573329737582634
pequena espinha,0.1691974344332478
pequena ferida,0.18173936491092668
pequena irritacao,0.15343229989970927
pequena na,0.14020829058584017
pequena nao,0.16184649995654257
pequena no,0.6410952015799785
pequena porem,-0.22349568937526237
pequena rachadura,0.15081060126361892
pequeno,0.16903337943093086
pequeno no,0.16903337943093086
percebi,0.14348142136533723
percebi uma,0.14348142136533723
perder,-0.5852380447303636
perder ar,-0.19392182114483483
perder consciencia,-0.22883003928559062
perder os,-0.24433703893301253
perdeu,-0.25288024779412893
perdeu forca,-0.25288024779412893
perdi,-0.7523474837902804
perdi consciencia,-0.699253365792802
perdi cor,-0.1810079735034242
perdi os,0.01051591242564421
perna,0.3820290669007623
perna contraiu,0.21221998789933968
perna ficou,0.1993490618600855
pernas,-0.21778929166800606
pernas incharam,-0.21778929166800606
persiste,-0.2096963603019469
persiste no,-0.2096963603019469
persistente,-0.3672537689431154
persistente no,-0.3672537689431154
pes,-0.3688686586408712
pes aumentou,-0.1935338723533824
pes estao,-0.20385715486469388
pesada,-0.2826016037134358
pesada as,-0.2826016037134358
pescoco,0.5138531444817966
pescoco depois,0.2003048386078615
pescoco ficou,0.16862242611776118
peso,-0.15770973242971176
peso no,-0.15770973242971176
pessoa,0.14020829058584017
pessoa eu,0.14020829058584017
picada,0.16155597046518577
picada deixou,0.16155597046518577
pigarreei,0.15750512179805504
pigarreei depois,0.15750512179805504
pigarro,0.47123455155834665
pigarro apos,0.17838448662978498
pigarro depois,0.14855269125714413
pigarro mas,0.210203804610054
piorar,-0.14486693177539778
piorou,-0.6025386921871552
piorou de,-0.29334952944456916
piorou muito,-0.2094869894728774
piorou nas,-0.19367098486595327
pontas,-0.2826016037134358
pontas dos,-0.2826016037134358
ponto,0.2032379771143428
ponto mas,0.2032379771143428
por,0.8462273950140277
por alguns,0.25086377879097627
por bastante,0.15750512179805504
por causa,0.16230679590260572
por horas,0.2896869025422159
por instantes,-0.24632446641674316
por poucos,0.21221998789933968
por um,0.18127463052859016
por uma,0.15343229989970927
porem,-0.7983407143390634
porem as,-0.2306304236081292
porem com,-0.128133510852847
porem estou,-0.22349568937526237
porem fiquei,-0.140058746241774
porem peito,-0.1839219744763936
porem quase,-0.13692980001113778
porem recuperei,0.2709366796256966
porem torax,-0.18550425111666857
porem veio,-0.1586623039807182
posicao,0.16862242611776118
pouco,1.3518005567354128
pouco ao,0.17830126022665355
pouco consigo,0.23128865952897415
pouco de,0.14075945925008204
pouco dolorido,0.1570232309650981
pouco mas,0.45969563335073893
pouco me,0.16155597046518577
pouco neg_sintoma_toracico,0.2152161567069186
pouco no,0.17988450455175012
pouco pele,0.1522404851116077
pouco respiro,0.13729357819355484
pouco tenso,0.16862242611776118
poucos,0.11599166026917473
poucos minutos,-0.074263496471703
poucos segundos,0.21221998789933968
pra,0.2152161567069186
pra respirar,0.2152161567069186
preciso,-0.5936665748003562
preciso descansar,0.14830755998664152
preciso ficar,-0.23548105219699775
preciso me,-0.23425008484531898
preciso parar,-0.3857406399738282
preso,-0.2231176754682225
preso minha,-0.2231176754682225
pressao,-1.138029629539781
pressao forte,-0.3579653311779874
pressao intensa,-0.21268664217716687
pressao no,-0.8245762368444669
pressao persistente,-0.19328570035904935
pressao que,-0.16171680833411126
pressao toracica,0.20737791604557604
pressionado,-0.261361322914571
pressionado fiquei,-0.261361322914571
punho,0.2977770144037859
punho depois,0.1637790678039652
punho esta,0.1570232309650981
puxar,-0.3648531685069625
puxar ar,-0.3648531685069625
qualquer,0.3831868209999331
qualquer dificuldade,0.23585668312315555
qualquer mal,0.17695964281427462
quando,-0.12080568679674024
quando uma,-0.12080568679674024
quarto,-0.20385715486469388
quarto sem,-0.20385715486469388
quase,-0.4692544427291414
quase desmaiando,-0.37333544237062266
quase nao,-0.13692980001113778
que,-0.24427928359388587
que alcanca,-0.19328570035904935
que continua,-0.16171680833411126
que era,-0.10922523388128726
que esta,0.30675310948146645
que foi,0.22945485704403532
que incomoda,0.305490166047702
que ja,0.17742366734159395
que logo,0.17695964281427462
que nao,-0.009492475599533761
que passaram,0.1808852469932208
que piorou,-0.19367098486595327
que preciso,-0.41832409698588185
que vou,-0.6297834536334002
quebrada,0.14874349381140473
quebrada incomodando,0.14874349381140473
queimacao,-0.18550425111666857
queimacao do,-0.18550425111666857
queixa,0.6682783044728838
queixa calo,0.20625591390788967
queixa sensibilidade,0.23636525937281683
queixa so,0.1554159344654147
queixa uma,0.19962015894628887
queixo,-0.19328570035904935
queixo desde,-0.19328570035904935
quieto,-0.2272486605327722
quieto to,-0.2272486605327722
rachadura,0.15081060126361892
rachadura no,0.15081060126361892
rapidas,0.17695964281427462
rapidas que,0.17695964281427462
rasgar,-0.19068352284719678
rasgar atingiu,-0.19068352284719678
rasgo,-0.21106627632445463
rasgo no,-0.21106627632445463
recuperado,0.20478968702764927
recuperado neg_sintoma_toracico,0.20478968702764927
recuperar,-0.2545468453574761
recuperar folego,-0.2545468453574761
recuperei,0.44681989485417883
recuperei folego,0.2709366796256966
recuperei totalmente,0.21043307852024745
repente,-1.0083171721003659
repente estou,-0.24142533923028484
repente fiquei,-0.25288024779412893
repente minha,-0.29395620090074803
repente muito,-0.140058746241774
repente perdi,-0.1810079735034242
repentina,-0.18106906970235162
repentinamente,-0.16809750300472992
repentinamente sem,-0.16809750300472992
repentino,-0.21046522546636048
repouso,-0.6731989699181282
repouso comecei,-0.16171680833411126
repouso mal,-0.24239998958077758
repouso pressao,-0.14486693177539778
resolveu,0.3220393187445135
resolveu exaustao,-0.28053662791142386
resolveu incomodo,0.27690968302695546
respiracao,-0.6722666027657618
respiracao dificil,-0.21076453404919443
respiracao esta,-0.09673703116846882
respiracao ficou,-0.24239998958077758
respiracao muito,-0.128133510852847
respiracao piorou,-0.4610389669601787
respiracao trouxe,0.2709366796256966
respirando,0.2691669516568344
respirando com,-0.20199648651891705
respirando normalmente,0.210203804610054
respirando sem,0.29860507584421847
respirar,-1.0820958906979494
respirar apenas,0.2031266114560352
respirar bem,-0.18925124391044051
respirar com,-0.3542235859752818
respirar deitado,-0.24116811954976178
respirar direito,-0.23673963064661957
respirar engolir,0.19730424304416946
respirar ficou,-0.18550425111666857
respirar mesmo,-0.42016136676788907
respirar na,-0.28053662791142386
respirar normalmente,0.21918673475040085
respirar sentado,-0.4244166294970566
respiratoria,0.23585668312315555
respiro,0.3502295713052378
respiro bem,0.5183518043961397
respiro sem,-0.1839219744763936
ressecada,0.43056580864539995
ressecada coca,0.17988450455175012
ressecada por,0.16230679590260572
ressecado,0.1843844283493882
ressecado tem,0.1843844283493882
ressecamento,0.214592720518704
ressecamento leve,0.214592720518704
ressecou,0.27690968302695546
ressecou durante,0.27690968302695546
resto,0.14075945925008204
resto me,0.14075945925008204
retirar,0.14656781765276256
retirar um,0.14656781765276256
rigidez,0.2003048386078615
rigidez leve,0.2003048386078615
ritmo,-0.43761528660849813
ritmo do,-0.22568302762127634
ritmo torax,-0.24577038593912168
rocou,0.20812760475517836
rosada,-0.34109252546703156
rosada esta,-0.19478796407407056
rosada fiquei,-0.1726791706269005
rosto,-0.25771016239507105
rosto caiu,-0.25771016239507105
rotina,0.47750771076696163
rouco,0.1700492774642848
rouco depois,0.1700492774642848
roupa,0.41010367738875425
roupa de,0.12862386000519627
roupa molhada,-0.19366916139789633
roupa nova,0.21378924744477587
roupa resolveu,0.1522404851116077
roupa rocou,0.20812760475517836
roxa,-0.2545468453574761
roxa nao,-0.2545468453574761
roxos,-0.19827707959479984
roxos puxar,-0.19827707959479984
sabao,0.16230679590260572
saiu,-0.20872432446255662
saiu sangue,-0.20872432446255662
sangue,-0.6883681601206113
sangue fiquei,-0.3732838963349231
sangue na,-0.20872432446255662
sapato,0.4775039333090941
sapato no,0.19962015894628887
sapato novo,0.13841112135862393
se,-0.016993509161635195
se espalha,-0.22154549092336162
se normalizou,0.2032379771143428
seca,0.5335505880652934
seca com,0.1812875067324418
seca depois,0.39624570672016607
secas,0.17319002736701897
secas depois,0.17319002736701897
secos,0.32371258865066194
secos mas,0.32371258865066194
secrecao,-0.1726791706269005
secrecao espumosa,-0.1726791706269005
segue,-0.10101360531661915
segue melhorando,0.15253695022951028
segue pressionado,-0.261361322914571
seguida,-0.43812959847907584
seguida perdi,-0.24632446641674316
segundos,0.21221998789933968
segundos apos,0.21221998789933968
sem,-0.26461893813190807
sem ar,-0.6021623188375109
sem atrapalhar,0.2369486443246133
sem deformidade,0.1746806758194727
sem dificuldade,-0.1839219744763936
sem dor,-0.28695314401793964
sem esforco,0.29860507584421847
sem febre,-0.28092492930725743
sem folego,-0.2164204687978479
sem forcas,-0.21106627632445463
sem nauseas,-0.16499434146882436
sem outros,0.4768399417501125
sem parar,-0.1839219744763936
sem pressao,0.2753042173592696
sem qualquer,0.3831868209999331
sem sentidos,-0.25304435394729263
sem sintomas,0.3544237896600463
sem sufocar,-0.20385715486469388
sensacao,-0.3954587576657954
sensacao de,-0.3954587576657954
sensibilidade,0.4944320707817012
sensibilidade de,0.23636525937281683
sensibilidade ja,0.1746806758194727
sensibilidade muscular,0.15253695022951028
sensivel,0.3072835662254329
sensivel ao,0.1691974344332478
sensivel apos,0.16184649995654257
sentado,-0.9799461204687462
sentado estou,-0.23673963064661957
sentado exige,-0.23561244486118926
sentado ficou,-0.2216217397553872
sentado lendo,-0.1347086173745481
sentado nao,-0.19501871070499419
sentado para,-0.23548105219699775
senti,2.6647924844270046e-05
senti as,0.17695964281427462
senti batimentos,-0.26351140316770316
senti boca,0.19614244583393184
senti coceira,0.12862386000519627
senti dor,0.19857007230036028
senti ritmo,-0.22568302762127634
senti uma,-0.21106627632445463
sentidos,-0.4072152955910069
sentidos apenas,0.27872347326548774
sentidos enquanto,-0.26739442932784413
sentindo,0.2319608168531226
sentindo so,0.2319608168531226
sentir,-0.5662607104499428
sentir coracao,-0.3074670950961361
sentir desorientado,-0.17627350913569367
sentir nauseas,-0.16171680833411126
ser,-0.18550425111666857
ser queimacao,-0.18550425111666857
sigo,0.28528361020881476
sigo minha,0.1700492774642848
sigo rotina,0.13729357819355484
sinto,0.26612085969630467
sinto apenas,0.214592720518704
sinto batimentos,-0.18587034053437587
sinto bem,0.32626231284067403
sinto coracao,0.2016356319251319
sinto dor,0.09967172451134602
sinto enjoo,-0.21264873732882975
sinto falta,-0.2479979969869722
sinto fraqueza,-0.26739442932784413
sinto isso,0.23473023587316597
sinto nariz,0.24926809409299805
sinto normal,0.14075945925008204
sinto pressao,-0.44064936624879447
sinto que,-0.22883003928559062
sinto rigidez,0.2003048386078615
sinto sonolencia,0.2369486443246133
sinto um,0.1637790678039652
sintoma,0.2760343615766447
sintomas,0.9517717567633631
sintomas novos,0.19244731764861842
sintomas toracicos,0.18993422151811062
so,1.9526849547253322
so aconteceu,0.20533405176712796
so coceira,0.2016356319251319
so deixou,0.21378924744477587
so doi,0.17742366734159395
so fiquei,0.23074252998502515
so ha,0.20812760475517836
so local,0.21918673475040085
so pele,0.1485930461530524
so percebi,0.14348142136533723
so preciso,0.14830755998664152
so tenho,0.515718690079295
so um,0.1554159344654147
so uma,0.5081781618261475
sobre,0.34107921316176415
sobre dor,0.2319608168531226
sobre uma,0.13549197618302844
solucei,0.1558083433088135
solucei um,0.1558083433088135
soluco,0.25086377879097627
soluco por,0.25086377879097627
somente,0.23473023587316597
somente um,0.23473023587316597
sono,0.3928100516365734
sono apos,0.23128865952897415
sono voltei,0.19189500290687664
sonolencia,0.2369486443246133
sonolencia leve,0.2369486443246133
sou,-0.08665793124183553
sou diabetico,-0.08665793124183553
sozinho,0.1558083433088135
suando,-0.5903851566519116
suando frio,-0.3235466013280195
suando gelado,-0.3305593394429035
suar,-0.21523252253814226
suar gelado,-0.21523252253814226
subir,0.18699013056444697
subir correndo,0.18699013056444697
subita,-0.5253569341117041
subita de,-0.19068352284719678
subita enorme,-0.19942502438264345
subita para,-0.20872432446255662
subitamente,-0.5191517761339364
subitamente respirar,-0.16638101766950175
subitamente sem,-0.210146325819729
subitamente suar,-0.21523252253814226
suei,0.1777043216808334
suei mas,0.1777043216808334
sufocado,-0.23548105219699775
sufocado preciso,-0.23548105219699775
sufocar,-0.20385715486469388
sufocar meus,-0.20385715486469388
suor,-1.1148290476951601
suor foi,0.1689206577341526
suor frio,-0.9818189692712576
suor gelado,-0.6861881268336203
suor porem,0.2709366796256966
superficial,0.49171723672966855
superficial fora,0.1843844283493882
superficial ja,0.22068799436155564
superficial na,0.1554159344654147
surgiram,-0.46714716234450293
surgiram nausea,-0.27108957776517106
surgiram vomitos,-0.23217923176204278
surgiu,-0.39187251486390245
surgiu pressao,-0.39187251486390245
ta,-0.2585550747108604
ta apertando,-0.2160607352608195
ta dificil,-0.2272486605327722
ta ressecada,0.1485930461530524
tambem,-0.3165889723609383
tambem suor,-0.19942502438264345
tambem uma,-0.14164384656991985
tanta,-0.21703530652544412
tanta tontura,-0.21703530652544412
tao,-0.41832409698588185
tao intensa,-0.23425008484531898
tao sem,-0.2164204687978479
tarde,0.2369486443246133
tarde hoje,0.2369486443246133
tarefas,0.23128865952897415
teclado,0.1570232309650981
teclado melhora,0.1570232309650981
tem,0.33942617461824465
tem uma,0.33942617461824465
tempo,-0.05435283917985944
tempo to,-0.2160607352608195
tenho,0.47048870819501065
tenho apenas,0.28080234964737605
tenho aperto,-0.20236556756855306
tenho caspa,0.2319608168531226
tenho coceira,-0.14164384656991985
tenho coriza,0.4439969375456171
tenho diabetes,-0.09178198247256625
tenho dor,-0.20236556756855306
tenho febre,0.07156666052935824
tenho irritacao,0.14656781765276256
tenho nausea,-0.1476803687496817
tenho palpitacoes,-0.24433703893301253
tenho sintomas,0.19244731764861842
tenho somente,0.23473023587316597
tenho um,-0.03903747323432873
tenho uma,0.2323140117884949
tenso,0.16862242611776118
tenso apos,0.16862242611776118
tentar,-0.15865680638542548
tentar respirar,-0.15865680638542548
terminar,-0.2537232497063426
terminar uma,-0.2537232497063426
teve,0.15736902091043853
teve palpitacoes,0.15736902091043853
tirar,0.1522404851116077
tirar roupa,0.1522404851116077
tive,0.5461568548935177
tive alguns,0.29860507584421847
tive febre,-0.19914714739314976
tive gases,0.1808852469932208
tive soluco,0.25086377879097627
tive uma,0.1468045917628975
to,0.013749944040125047
to bem,0.1485930461530524
to com,0.08400419929082996
to espirrando,0.2152161567069186
to quase,-0.2272486605327722
to sem,0.0071841458620677395
to suando,-0.2160607352608195
tocar,0.2780538806178606
tocar nenhum,0.15081060126361892
todas,0.24926809409299805
todas as,0.24926809409299805
tomava,-0.18925124391044051
tomava banho,-0.18925124391044051
tonto,0.41337173022948087
tonto nem,0.214592720518704
tonto so,0.23074252998502515
tontura,-0.04985384777648885
tontura tao,-0.23425008484531898
toque,0.1691974344332478
toracica,-0.05861007749645895
toracica era,0.17056437275077063
toracica ou,0.2753042173592696
toracica porem,-0.128133510852847
toracica respiracao,-0.3624675529476397
toracico,0.18173936491092668
toracico neg_suor_frio,0.18173936491092668
toracicos,0.18993422151811062
torax,-1.2026035845054657
torax acompanha,-0.15395448872288603
torax acompanhada,-0.15869793461172763
torax agora,-0.2096963603019469
torax aperta,-0.18550425111666857
torax apertado,-0.19366916139789633
torax apos,0.14656781765276256
torax doi,-0.4436452317847559
torax nao,0.08222593408358157
torax que,-0.14175478616390538
torax segue,-0.261361322914571
torax suor,-0.21268664217716687
torax unica,0.19962015894628887
torax veio,-0.19068352284719678
tornozelos,-0.2216217397553872
tornozelos estao,-0.2216217397553872
torta,-0.29395620090074803
tosse,-0.8557211841501926
tosse estou,-0.2164204687978479
tosse junto,-0.20872432446255662
tosse mas,-0.2537232497063426
tosse trouxe,-0.3559223921040855
tossindo,-0.20822584722870352
tossindo sangue,-0.20822584722870352
tossir,-0.3608105046508626
tossir sangue,-0.19392182114483483
tossir uma,-0.19478796407407056
totalmente,0.21043307852024745
totalmente do,0.21043307852024745
tranquilo,-0.2306304236081292
tranquilo emocionalmente,-0.2306304236081292
transpiracao,-0.40367017020026336
transpiracao fria,-0.21544761402005747
transpiracao gelada,-0.23960526973897028
transpirei,0.20478968702764927
transpirei no,0.20478968702764927
transpiro,-0.1839219744763936
transpiro frio,-0.1839219744763936
tratada,0.1459746351973535
tratada que,0.1459746351973535
treinar,0.21221998789933968
treinar agora,0.21221998789933968
treino,0.4857217315017584
treino esta,0.14951557721421377
treino ja,0.20478968702764927
treino melhorou,0.1993490618600855
trocar,0.12862386000519627
trouxe,-0.09870257385748044
trouxe sangue,-0.21076453404919443
trouxe secrecao,-0.1726791706269005
trouxe suor,0.2709366796256966
tudo,0.10933456529704542
tudo acordei,-0.26351140316770316
tudo normalmente,0.21043307852024745
tudo passou,0.1777043216808334
ultimas,-0.19367098486595327
ultimas horas,-0.19367098486595327
um,1.1070351931952689
um arranhao,0.3621437945746322
um calo,0.15736902091043853
um curativo,0.14656781765276256
um desconforto,-0.19942502438264345
um incomodo,0.1637790678039652
um lado,-0.4764909150338668
um minuto,0.18127463052859016
um pigarro,0.17838448662978498
um pouco,1.195757811305322
um rasgo,-0.21106627632445463
um sapato,0.13841112135862393
um suor,-0.18106906970235162
uma,1.316951329396702
uma afta,0.23585189206317608
uma apresentacao,0.14855269125714413
uma area,0.1812875067324418
uma batida,0.18449782545661916
uma bolha,0.5520931739970492
uma caibra,0.1468045917628975
uma coceira,0.4633699059701143
uma descamacao,0.14348142136533723
uma dor,-0.6019060126956886
uma escoriacao,0.22068799436155564
uma espinha,0.27872347326548774
uma espuma,-0.19478796407407056
uma falta,-0.15395448872288603
uma fissura,0.1843844283493882
uma fraqueza,-0.19942502438264345
uma frase,-0.4605144587121659
uma leve,0.17056437275077063
uma marca,0.13549197618302844
uma mordida,0.16184649995654257
uma noite,0.19189500290687664
uma pequena,0.5489104126083828
uma picada,0.16155597046518577
uma pressao,-0.4422195645153741
uma roupa,0.12862386000519627
uma unha,0.46592021558415425
uma vermelhidao,0.20812760475517836
unha,0.6371799397595145
unha encravada,0.1459746351973535
unha lascada,0.23636525937281683
unha que,0.22945485704403532
unha quebrada,0.14874349381140473
unica,0.5634392385725718
unica queixa,0.5634392385725718
unico,0.22945485704403532
unico incomodo,0.22945485704403532
usar,0.5230921831700005
usar computador,0.2003048386078615
usar teclado,0.1570232309650981
usar um,0.13841112135862393
usar uma,0.12862386000519627
vai,-0.23209715139812281
vai para,-0.23209715139812281
veio,-0.7551028790629373
veio com,-0.32427185748480186
veio do,-0.15865680638542548
veio junto,-0.24833019149235813
veio um,-0.18106906970235162
vem,-0.40288596859351233
vem com,-0.40288596859351233
vermelhidao,0.20812760475517836
vermelhidao discreta,0.20812760475517836
vez,-0.23217923176204278
vez mais,-0.23217923176204278
vinte,-0.21703530652544412
vinte minutos,-0.21703530652544412
visao,-0.15188966532224074
visao escurece,-0.15188966532224074
vista,0.14830755998664152
vista depois,0.14830755998664152
voltei,0.19189500290687664
voltei as,0.19189500290687664
voltou,0.18699013056444697
voltou ao,0.18699013056444697
vomitando,-0.19367098486595327
vomitando palido,-0.19367098486595327
vomitos,-0.23217923176204278
vomitos com,-0.23217923176204278
vou,-0.6297834536334002
vou apagar,-0.22300287784344502
vou desmaiar,-0.26603147105367764
vou perder,-0.22883003928559062
voz,0.23585668312315555
voz ficou,0.23585668312315555
