frase,situacao,grupo,palavras,conjunto,predicao,probabilidade_alto_risco,acerto
Sinto dor intensa no peito que não passa há meia hora.,alto risco,A07,11,regressao,alto risco,0.8097471032154167,True
Uma dor forte no tórax continua mesmo após parar tudo.,alto risco,A07,10,regressao,alto risco,0.7981083715603996,True
Estou com lábios arroxeados e dificuldade para respirar.,alto risco,A08,8,regressao,alto risco,0.553258075084317,True
Minha boca ficou roxa enquanto eu tentava puxar o ar.,alto risco,A08,10,regressao,alto risco,0.6967653476737689,True
Uma dor súbita muito forte atravessa o peito e as costas.,alto risco,A11,11,regressao,alto risco,0.8129712987797814,True
Surgiu uma dor intensa no tórax que se espalhou pelas costas.,alto risco,A11,11,regressao,alto risco,0.7795903029905762,True
A pressão no peito piora e estou quase apagando.,alto risco,A15,9,regressao,alto risco,0.9025144115183258,True
Sinto aperto crescente no tórax e sensação de desmaio.,alto risco,A15,9,regressao,alto risco,0.8107834853231751,True
Senti cansaço leve após correr e já passou com descanso.,baixo risco,B01,10,regressao,baixo risco,0.19765961994042236,True
Fiquei cansado depois do exercício mas me recuperei por completo.,baixo risco,B01,10,regressao,baixo risco,0.2056019129885588,True
Meu ombro está levemente dolorido após carregar caixas e está melhorando.,baixo risco,B02,11,regressao,baixo risco,0.23605932013901,True
Depois da mudança fiquei com incômodo no ombro que diminui a cada dia.,baixo risco,B02,13,regressao,alto risco,0.3844351298830341,False
Meu olho coça levemente depois de ficar em ambiente com poeira.,baixo risco,B12,11,regressao,alto risco,0.397394408038824,False
Fiquei com irritação discreta no olho após limpar a estante.,baixo risco,B12,10,regressao,alto risco,0.4188780877330125,False
Sinto leve desconforto na lombar após ficar sentado e melhora ao mudar de posição.,baixo risco,B18,14,regressao,baixo risco,0.34057059740064266,True
Minhas costas incomodaram um pouco na cadeira e melhoraram após levantar.,baixo risco,B18,11,regressao,baixo risco,0.18910900739061776,True
Enquanto preparava café senti o tórax comprimido e quase caí de tanta fraqueza.,alto risco,A51,13,regressao,alto risco,0.7636722528977486,True
Na cozinha veio um aperto no peito com fraqueza que mal me deixa ficar em pé.,alto risco,A51,16,regressao,alto risco,0.7869512790322549,True
A pressão no peito já dura quarenta minutos e meu rosto está sem cor.,alto risco,A52,14,regressao,alto risco,0.7796047805911555,True
Estou muito pálido e o peso no tórax continua há quase uma hora.,alto risco,A52,13,regressao,alto risco,0.8118880853870205,True
Não sinto dor nas costas mas mal consigo respirar e estou ficando sonolento.,alto risco,A53,13,regressao,alto risco,0.4986346665391107,True
As costas não incomodam; a respiração está muito difícil e tenho dificuldade de me manter acordado.,alto risco,A53,16,regressao,alto risco,0.6542800123291335,True
Minha garganta arranha um pouco mas agora surgiu uma dor intensa no peito com suor gelado.,alto risco,A54,16,regressao,alto risco,0.7205207261183348,True
Além da rouquidão leve apareceu pressão torácica forte acompanhada de suor frio.,alto risco,A54,12,regressao,alto risco,0.737441940588403,True
Meu coração começou a correr e senti o chão sumir antes de cair desacordado.,alto risco,A55,14,regressao,alto risco,0.6306577774006672,True
Após batidas rápidas no peito apaguei e acordei no chão.,alto risco,A55,10,regressao,alto risco,0.751644950213294,True
Sentado no ônibus senti um peso no peito que alcançou o braço e não cedeu.,alto risco,A56,15,regressao,alto risco,0.7453512864734306,True
No trajeto começou uma pressão persistente no tórax irradiando para o braço.,alto risco,A56,12,regressao,alto risco,0.8268104108056681,True
Não tenho febre nem tosse mas a falta de ar é tanta que não termino uma frase.,alto risco,A57,17,regressao,alto risco,0.6665950792491107,True
Sem tosse ou febre; estou tão sem fôlego que preciso interromper a fala.,alto risco,A57,13,regressao,alto risco,0.6918329347450165,True
Tenho dificuldade para puxar o ar e estou com espuma rosada saindo na tosse.,alto risco,A58,14,regressao,alto risco,0.6618323754959511,True
A respiração ficou muito difícil e comecei a tossir uma secreção espumosa rosada.,alto risco,A58,13,regressao,alto risco,0.8092847654826101,True
Minha mão perdeu a força de repente e não consigo falar as palavras direito.,alto risco,A59,14,regressao,alto risco,0.7354921789724256,True
Surgiram de uma vez fraqueza no braço e dificuldade para articular a fala.,alto risco,A59,13,regressao,alto risco,0.5413663568878018,True
A dor no peito era pequena mas se intensificou e agora estou quase perdendo os sentidos.,alto risco,A60,16,regressao,alto risco,0.7142236890576407,True
O incômodo no tórax aumentou muito e veio uma sensação forte de desmaio.,alto risco,A60,13,regressao,alto risco,0.8483206536340867,True
Depois de usar luvas fiquei com uma pequena marca no pulso que já está desaparecendo.,baixo risco,B51,15,regressao,baixo risco,0.15370833180563404,True
A luva apertou um pouco e deixou o punho marcado mas está voltando ao normal.,baixo risco,B51,15,regressao,baixo risco,0.0957464510103444,True
Não sinto dor no peito ou desmaio; minha queixa é só a pele do nariz ressecada.,baixo risco,B52,16,regressao,baixo risco,0.06826186121246325,True
O nariz está ressecado por fora; não tenho aperto torácico nem sensação de apagar.,baixo risco,B52,14,regressao,alto risco,0.38865746142895874,False
Fiquei com a voz cansada depois da reunião e melhorei com água sem falta de ar.,baixo risco,B53,16,regressao,baixo risco,0.2803249915401157,True
Falar na reunião ressecou a garganta mas água ajudou e continuo respirando bem.,baixo risco,B53,13,regressao,baixo risco,0.1769763227322534,True
Meu peito não aperta e não estou suando frio; apenas a etiqueta da roupa arranha a nuca.,baixo risco,B54,17,regressao,alto risco,0.4245932379474836,False
A nuca ficou irritada pela etiqueta sem pressão no tórax ou suor gelado.,baixo risco,B54,13,regressao,alto risco,0.36999676689521044,False
A perna ficou marcada pela meia mas a marca sumiu e não tenho dor ou inchaço.,baixo risco,B55,16,regressao,alto risco,0.3786739222401756,False
Tirei a meia e a marca desapareceu; minhas pernas estão normais e sem desconforto.,baixo risco,B55,14,regressao,alto risco,0.5475686301873093,False
Não tenho palpitações nem falta de ar; sinto somente coceira discreta na orelha.,baixo risco,B56,13,regressao,baixo risco,0.3055129141416093,True
Minha orelha coça um pouco mas o coração não dispara e respiro sem esforço.,baixo risco,B56,14,regressao,baixo risco,0.2806819180223261,True
Depois de caminhar na areia apareceu uma bolha pequena no calcanhar e nada mais.,baixo risco,B57,14,regressao,baixo risco,0.18695576101698874,True
A caminhada deixou apenas uma pequena bolha superficial no pé; estou me sentindo bem.,baixo risco,B57,14,regressao,baixo risco,0.12214170872994912,True
Meu irmão relatou suor frio; comigo só aconteceu uma coceira passageira no pescoço.,baixo risco,B58,13,regressao,baixo risco,0.33040848366291065,True
A transpiração gelada foi do meu irmão; minha queixa é uma coceira que já passou.,baixo risco,B58,15,regressao,baixo risco,0.21254192098072355,True
A irritação na ponta do nariz melhorou com a pausa no uso do lenço e não tenho outros sintomas.,baixo risco,B59,19,regressao,baixo risco,0.20152733952290391,True
Assoar muito irritou a pele do nariz mas agora está melhor e estou bem.,baixo risco,B59,14,regressao,baixo risco,0.2001860199885923,True
Sem dor no peito ou enjoo; só estou com uma mancha de tinta na mão que não causa incômodo.,baixo risco,B60,19,regressao,baixo risco,0.15389092123204728,True
Não sinto pressão torácica nem náuseas e a única coisa diferente é tinta na pele sem irritação.,baixo risco,B60,17,regressao,baixo risco,0.2959674848299574,True
